# 날짜 : 2026/05/06
# 이름 : 조규현
# 내용 : 4장 SQL 고급 실습

# 실습 4-1
CREATE TABLE Employee (
	empno 	INT PRIMARY KEY,
    name 	VARCHAR(10) NOT NULL,
    gender 	CHAR(1) NOT NULL,
    hp 		CHAR(13) NOT NULL UNIQUE,
    job		VARCHAR(10),
    depno	INT DEFAULT NULL,
    regdate	DATE NOT NULL
    );

CREATE TABLE Dept (
	depno 	INT PRIMARY KEY,
    dname 	VARCHAR(10) NOT NULL,
    tel		CHAR(12) NOT NULL
    );

CREATE TABLE Sale (
	no		INT AUTO_INCREMENT PRIMARY KEY,
    empno	INT NOT NULL,	-- 워크북 오류, empno 는 데이터유형:숫자, 길이:정수 임
    year 	YEAR NOT NULL,
    month	TINYINT NOT NULL,
    price	INT NOT NULL DEFAULT 0
    );

# 실습 4-2
-- 직원 테이블(Employee)
INSERT INTO Employee VALUES (1001, '김유신', 'M', '010-1234-1001', '부장', 101, '2025-11-19');
INSERT INTO Employee VALUES (1002, '김춘추', 'M', '010-1234-1002', '차장', 104, '2025-11-19');
INSERT INTO Employee VALUES (1003, '장보고', 'M', '010-1234-1003', '사원', 101, '2025-11-19');
INSERT INTO Employee VALUES (1004, '강감찬', 'M', '010-1234-1004', '대리', 102, '2025-11-19');
INSERT INTO Employee VALUES (1005, '신사임당', 'F', '010-1234-1005', '과장', 102, '2025-11-19');

INSERT INTO Employee VALUES (1006, '이황', 'M', '010-1234-1006', '차장', 103, '2025-11-19');
INSERT INTO Employee VALUES (1007, '이이', 'M', '010-1234-1007', '사원', 105, '2025-11-19');
INSERT INTO Employee VALUES (1008, '이순신', 'M', '010-1234-1008', '차장', 103, '2025-11-19');
INSERT INTO Employee VALUES (1009, '허난설현', 'F', '010-1234-1009', '사원', 104, '2025-11-19');
INSERT INTO Employee VALUES (1010, '정약용', 'M', '010-1234-1010', '대리', 104, '2025-11-19');
SELECT * FROM Employee;

-- 부서 테이블(Dept)
INSERT INTO Dept VALUES (101, '경영지원부', '051-512-1001');
INSERT INTO Dept VALUES (102, '영업부', '051-512-1002');
INSERT INTO Dept VALUES (103, '개발부', '051-512-1003');
INSERT INTO Dept VALUES (104, '인사부', '051-512-1004');
INSERT INTO Dept VALUES (105, '기획부', '051-512-1005');
SELECT * FROM Dept;

-- 매출 테이블(Sale)
INSERT INTO Sale (empno, year, month, price) VALUES (1001, 	2018, 1, 	98100);
INSERT INTO Sale (empno, year, month, price) VALUES (1002, 	2018, 1, 136000);
INSERT INTO Sale (empno, year, month, price) VALUES (1003, 	2018, 1,  80000);
INSERT INTO Sale (empno, year, month, price) VALUES (1004, 	2018, 1,  78000);
INSERT INTO Sale (empno, year, month, price) VALUES (1005, 	2018, 1,  93000);

INSERT INTO Sale (empno, year, month, price) VALUES (1001, 	2018, 2,  24000);
INSERT INTO Sale (empno, year, month, price) VALUES (1002, 	2018, 2, 126000);
INSERT INTO Sale (empno, year, month, price) VALUES (1003, 	2018, 2,  19000);
INSERT INTO Sale (empno, year, month, price) VALUES (1005, 	2018, 2,  19000);
INSERT INTO Sale (empno, year, month, price) VALUES (1006, 	2018, 2,  53000);

INSERT INTO Sale (empno, year, month, price) VALUES (1001, 	2019, 1,  24000);
INSERT INTO Sale (empno, year, month, price) VALUES (1002, 	2019, 1, 109000);
INSERT INTO Sale (empno, year, month, price) VALUES (1003, 	2019, 1, 101000);
INSERT INTO Sale (empno, year, month, price) VALUES (1004, 	2019, 1,  53000);
INSERT INTO Sale (empno, year, month, price) VALUES (1007, 	2019, 1,  24000);

INSERT INTO Sale (empno, year, month, price) VALUES (1002, 	2019, 2, 160000);
INSERT INTO Sale (empno, year, month, price) VALUES (1003, 	2019, 2, 101000);
INSERT INTO Sale (empno, year, month, price) VALUES (1004, 	2019, 2,  43000);
INSERT INTO Sale (empno, year, month, price) VALUES (1005, 	2019, 2,  24000);
INSERT INTO Sale (empno, year, month, price) VALUES (1006, 	2019, 2, 109000);

INSERT INTO Sale (empno, year, month, price) VALUES (1002, 	2020, 1, 201000);
INSERT INTO Sale (empno, year, month, price) VALUES (1004, 	2020, 1,  63000);
INSERT INTO Sale (empno, year, month, price) VALUES (1005, 	2020, 1,  74000);
INSERT INTO Sale (empno, year, month, price) VALUES (1006, 	2020, 1, 122000);
INSERT INTO Sale (empno, year, month, price) VALUES (1007, 	2020, 1, 111000);

INSERT INTO Sale (empno, year, month, price) VALUES (1002, 	2020, 2, 120000);
INSERT INTO Sale (empno, year, month, price) VALUES (1003, 	2020, 2,  93000);
INSERT INTO Sale (empno, year, month, price) VALUES (1004, 	2020, 2,  84000);
INSERT INTO Sale (empno, year, month, price) VALUES (1005, 	2020, 2, 180000);
INSERT INTO Sale (empno, year, month, price) VALUES (1008, 	2020, 2,  76000);

INSERT INTO Sale (empno, year, month, price) VALUES (1001, 	2021, 1,  56000);
INSERT INTO Sale (empno, year, month, price) VALUES (1002, 	2021, 1, 123000);
INSERT INTO Sale (empno, year, month, price) VALUES (1005, 	2021, 1,  91000);
INSERT INTO Sale (empno, year, month, price) VALUES (1007, 	2021, 1,  78000);
INSERT INTO Sale (empno, year, month, price) VALUES (1002, 	2021, 2,  32000);

INSERT INTO Sale (empno, year, month, price) VALUES (1003, 	2021, 2, 148000);
INSERT INTO Sale (empno, year, month, price) VALUES (1004, 	2021, 2, 106000);
INSERT INTO Sale (empno, year, month, price) VALUES (1005, 	2021, 2, 112000);
INSERT INTO Sale (empno, year, month, price) VALUES (1001, 	2021, 3,  47000);
INSERT INTO Sale (empno, year, month, price) VALUES (1006, 	2021, 3,  36000);
SELECT * FROM Sale;

# 실습 4-3
SELECT * FROM Employee WHERE name = '김유신';
SELECT * FROM Employee WHERE job = '차장' AND depno = 101;
SELECT * FROM Employee WHERE job = '차장' OR depno = 101;
SELECT * FROM Employee WHERE name != '김춘추';
SELECT * FROM Employee WHERE name <> '김춘추';	-- != 연산자와 동일
SELECT * FROM Employee WHERE job = '사원' AND depno = 10;
SELECT * FROM Employee WHERE job = '사원' OR job = '대리';
SELECT * FROM Employee WHERE job IN ('사원', '대리');	-- 위 OR 조건절과 동일
SELECT * FROM Employee WHERE depno IN (101, 102, 103);
SELECT * FROM Employee WHERE name LIKE '김%';	-- % : 와일드카드, 아무 문자열
SELECT * FROM Employee WHERE name LIKE '%신';	-- 이름이 신으로 끝나는 직원
SELECT * FROM Employee WHERE name LIKE '김__';
SELECT * FROM Employee WHERE name LIKE '이_';	-- 이름이 '이'씨로 시작하는 두글자 직원
SELECT * FROM Employee WHERE name LIKE '_순%';
SELECT * FROM Employee WHERE hp LIKE '010-%';
SELECT * FROM Employee WHERE depno IS NULL;		-- depno이 NULL인 직원
SELECT * FROM Employee WHERE depno IS NOT NULL;	
SELECT * FROM Employee WHERE empno >= 1005;
SELECT * FROM Dept WHERE deptno = 10;
SELECT * FROM Dept WHERE dname = '개발부';
SELECT * FROM Dept WHERE deptno IN (101, 103);
SELECT * FROM Dept WHERE dname LIKE '경엉___';
SELECT * FROM Sale WHERE price > 50000;
SELECT * FROM Sale WHERE price >= 50000 AND price < 100000 AND month = 1;
SELECT * FROM Sale WHERE price BETWEEN 50000 AND 100000;
SELECT * FROM Sale WHERE price NOT BETWEEN 50000 AND 100000;
SELECT * FROM Sale WHERE year = 2024;
SELECT * FROM Sale WHERE year = 2024 AND month = 2;
SELECT * FROM Sale WHERE month in (1, 2);




# 실습 4-4


# 실습 4-5


# 실습 4-6


# 실습 4-7


# 실습 4-8


# 실습 4-9


# 실습 4-10


# 실습 4-11


# 실습 4-12


# 실습 4-13


# 실습 4-14


# 실습 4-15


# 실습 4-16


# 실습 4-17

